[
{
  "model": "admin.logentry",
  "pk": 1,
  "fields": {
    "action_time": "2026-01-23T07:24:05.197Z",
    "user": 1,
    "content_type": 8,
    "object_id": "1",
    "object_repr": "yonatanassefa60@gmail.com",
    "action_flag": 2,
    "change_message": "[{\"changed\": {\"fields\": [\"Role\"]}}]"
  }
},
{
  "model": "admin.logentry",
  "pk": 2,
  "fields": {
    "action_time": "2026-01-23T07:24:56.253Z",
    "user": 1,
    "content_type": 15,
    "object_id": "1",
    "object_repr": "TELEGRAM:Afri Work Telegram Channe;",
    "action_flag": 1,
    "change_message": "[{\"added\": {}}]"
  }
},
{
  "model": "admin.logentry",
  "pk": 3,
  "fields": {
    "action_time": "2026-01-23T07:25:22.954Z",
    "user": 1,
    "content_type": 15,
    "object_id": "2",
    "object_repr": "TELEGRAM:Ethio Jobs telegram channel",
    "action_flag": 1,
    "change_message": "[{\"added\": {}}]"
  }
},
{
  "model": "admin.logentry",
  "pk": 4,
  "fields": {
    "action_time": "2026-01-23T07:26:04.537Z",
    "user": 1,
    "content_type": 15,
    "object_id": "3",
    "object_repr": "TELEGRAM:Dereja Telegram Channel",
    "action_flag": 1,
    "change_message": "[{\"added\": {}}]"
  }
},
{
  "model": "admin.logentry",
  "pk": 5,
  "fields": {
    "action_time": "2026-01-23T07:26:57.600Z",
    "user": 1,
    "content_type": 15,
    "object_id": "4",
    "object_repr": "TELEGRAM:Ethiopian Vacancy Telegram Channel",
    "action_flag": 1,
    "change_message": "[{\"added\": {}}]"
  }
},
{
  "model": "admin.logentry",
  "pk": 6,
  "fields": {
    "action_time": "2026-01-23T07:27:37.117Z",
    "user": 1,
    "content_type": 15,
    "object_id": "5",
    "object_repr": "TELEGRAM:Bright Scholarship Telegram Channel",
    "action_flag": 1,
    "change_message": "[{\"added\": {}}]"
  }
},
{
  "model": "admin.logentry",
  "pk": 7,
  "fields": {
    "action_time": "2026-01-23T07:28:13.019Z",
    "user": 1,
    "content_type": 15,
    "object_id": "6",
    "object_repr": "TELEGRAM:Opportunity 4 All Telegram Channel",
    "action_flag": 1,
    "change_message": "[{\"added\": {}}]"
  }
},
{
  "model": "admin.logentry",
  "pk": 8,
  "fields": {
    "action_time": "2026-01-23T07:29:22.368Z",
    "user": 1,
    "content_type": 15,
    "object_id": "7",
    "object_repr": "RSS:weworkremotely-programming RSS Feed",
    "action_flag": 1,
    "change_message": "[{\"added\": {}}]"
  }
},
{
  "model": "admin.logentry",
  "pk": 9,
  "fields": {
    "action_time": "2026-01-23T07:30:02.872Z",
    "user": 1,
    "content_type": 15,
    "object_id": "8",
    "object_repr": "RSS:opportunitiesforyouth  RSS Feed",
    "action_flag": 1,
    "change_message": "[{\"added\": {}}]"
  }
},
{
  "model": "auth.permission",
  "pk": 1,
  "fields": {
    "name": "Can add log entry",
    "content_type": 1,
    "codename": "add_logentry"
  }
},
{
  "model": "auth.permission",
  "pk": 2,
  "fields": {
    "name": "Can change log entry",
    "content_type": 1,
    "codename": "change_logentry"
  }
},
{
  "model": "auth.permission",
  "pk": 3,
  "fields": {
    "name": "Can delete log entry",
    "content_type": 1,
    "codename": "delete_logentry"
  }
},
{
  "model": "auth.permission",
  "pk": 4,
  "fields": {
    "name": "Can view log entry",
    "content_type": 1,
    "codename": "view_logentry"
  }
},
{
  "model": "auth.permission",
  "pk": 5,
  "fields": {
    "name": "Can add permission",
    "content_type": 3,
    "codename": "add_permission"
  }
},
{
  "model": "auth.permission",
  "pk": 6,
  "fields": {
    "name": "Can change permission",
    "content_type": 3,
    "codename": "change_permission"
  }
},
{
  "model": "auth.permission",
  "pk": 7,
  "fields": {
    "name": "Can delete permission",
    "content_type": 3,
    "codename": "delete_permission"
  }
},
{
  "model": "auth.permission",
  "pk": 8,
  "fields": {
    "name": "Can view permission",
    "content_type": 3,
    "codename": "view_permission"
  }
},
{
  "model": "auth.permission",
  "pk": 9,
  "fields": {
    "name": "Can add group",
    "content_type": 2,
    "codename": "add_group"
  }
},
{
  "model": "auth.permission",
  "pk": 10,
  "fields": {
    "name": "Can change group",
    "content_type": 2,
    "codename": "change_group"
  }
},
{
  "model": "auth.permission",
  "pk": 11,
  "fields": {
    "name": "Can delete group",
    "content_type": 2,
    "codename": "delete_group"
  }
},
{
  "model": "auth.permission",
  "pk": 12,
  "fields": {
    "name": "Can view group",
    "content_type": 2,
    "codename": "view_group"
  }
},
{
  "model": "auth.permission",
  "pk": 13,
  "fields": {
    "name": "Can add content type",
    "content_type": 4,
    "codename": "add_contenttype"
  }
},
{
  "model": "auth.permission",
  "pk": 14,
  "fields": {
    "name": "Can change content type",
    "content_type": 4,
    "codename": "change_contenttype"
  }
},
{
  "model": "auth.permission",
  "pk": 15,
  "fields": {
    "name": "Can delete content type",
    "content_type": 4,
    "codename": "delete_contenttype"
  }
},
{
  "model": "auth.permission",
  "pk": 16,
  "fields": {
    "name": "Can view content type",
    "content_type": 4,
    "codename": "view_contenttype"
  }
},
{
  "model": "auth.permission",
  "pk": 17,
  "fields": {
    "name": "Can add session",
    "content_type": 5,
    "codename": "add_session"
  }
},
{
  "model": "auth.permission",
  "pk": 18,
  "fields": {
    "name": "Can change session",
    "content_type": 5,
    "codename": "change_session"
  }
},
{
  "model": "auth.permission",
  "pk": 19,
  "fields": {
    "name": "Can delete session",
    "content_type": 5,
    "codename": "delete_session"
  }
},
{
  "model": "auth.permission",
  "pk": 20,
  "fields": {
    "name": "Can view session",
    "content_type": 5,
    "codename": "view_session"
  }
},
{
  "model": "auth.permission",
  "pk": 21,
  "fields": {
    "name": "Can add Blacklisted Token",
    "content_type": 6,
    "codename": "add_blacklistedtoken"
  }
},
{
  "model": "auth.permission",
  "pk": 22,
  "fields": {
    "name": "Can change Blacklisted Token",
    "content_type": 6,
    "codename": "change_blacklistedtoken"
  }
},
{
  "model": "auth.permission",
  "pk": 23,
  "fields": {
    "name": "Can delete Blacklisted Token",
    "content_type": 6,
    "codename": "delete_blacklistedtoken"
  }
},
{
  "model": "auth.permission",
  "pk": 24,
  "fields": {
    "name": "Can view Blacklisted Token",
    "content_type": 6,
    "codename": "view_blacklistedtoken"
  }
},
{
  "model": "auth.permission",
  "pk": 25,
  "fields": {
    "name": "Can add Outstanding Token",
    "content_type": 7,
    "codename": "add_outstandingtoken"
  }
},
{
  "model": "auth.permission",
  "pk": 26,
  "fields": {
    "name": "Can change Outstanding Token",
    "content_type": 7,
    "codename": "change_outstandingtoken"
  }
},
{
  "model": "auth.permission",
  "pk": 27,
  "fields": {
    "name": "Can delete Outstanding Token",
    "content_type": 7,
    "codename": "delete_outstandingtoken"
  }
},
{
  "model": "auth.permission",
  "pk": 28,
  "fields": {
    "name": "Can view Outstanding Token",
    "content_type": 7,
    "codename": "view_outstandingtoken"
  }
},
{
  "model": "auth.permission",
  "pk": 29,
  "fields": {
    "name": "Can add user",
    "content_type": 8,
    "codename": "add_user"
  }
},
{
  "model": "auth.permission",
  "pk": 30,
  "fields": {
    "name": "Can change user",
    "content_type": 8,
    "codename": "change_user"
  }
},
{
  "model": "auth.permission",
  "pk": 31,
  "fields": {
    "name": "Can delete user",
    "content_type": 8,
    "codename": "delete_user"
  }
},
{
  "model": "auth.permission",
  "pk": 32,
  "fields": {
    "name": "Can view user",
    "content_type": 8,
    "codename": "view_user"
  }
},
{
  "model": "auth.permission",
  "pk": 33,
  "fields": {
    "name": "Can add user profile",
    "content_type": 9,
    "codename": "add_userprofile"
  }
},
{
  "model": "auth.permission",
  "pk": 34,
  "fields": {
    "name": "Can change user profile",
    "content_type": 9,
    "codename": "change_userprofile"
  }
},
{
  "model": "auth.permission",
  "pk": 35,
  "fields": {
    "name": "Can delete user profile",
    "content_type": 9,
    "codename": "delete_userprofile"
  }
},
{
  "model": "auth.permission",
  "pk": 36,
  "fields": {
    "name": "Can view user profile",
    "content_type": 9,
    "codename": "view_userprofile"
  }
},
{
  "model": "auth.permission",
  "pk": 37,
  "fields": {
    "name": "Can add domain",
    "content_type": 10,
    "codename": "add_domain"
  }
},
{
  "model": "auth.permission",
  "pk": 38,
  "fields": {
    "name": "Can change domain",
    "content_type": 10,
    "codename": "change_domain"
  }
},
{
  "model": "auth.permission",
  "pk": 39,
  "fields": {
    "name": "Can delete domain",
    "content_type": 10,
    "codename": "delete_domain"
  }
},
{
  "model": "auth.permission",
  "pk": 40,
  "fields": {
    "name": "Can view domain",
    "content_type": 10,
    "codename": "view_domain"
  }
},
{
  "model": "auth.permission",
  "pk": 41,
  "fields": {
    "name": "Can add opportunity type",
    "content_type": 13,
    "codename": "add_opportunitytype"
  }
},
{
  "model": "auth.permission",
  "pk": 42,
  "fields": {
    "name": "Can change opportunity type",
    "content_type": 13,
    "codename": "change_opportunitytype"
  }
},
{
  "model": "auth.permission",
  "pk": 43,
  "fields": {
    "name": "Can delete opportunity type",
    "content_type": 13,
    "codename": "delete_opportunitytype"
  }
},
{
  "model": "auth.permission",
  "pk": 44,
  "fields": {
    "name": "Can view opportunity type",
    "content_type": 13,
    "codename": "view_opportunitytype"
  }
},
{
  "model": "auth.permission",
  "pk": 45,
  "fields": {
    "name": "Can add location",
    "content_type": 11,
    "codename": "add_location"
  }
},
{
  "model": "auth.permission",
  "pk": 46,
  "fields": {
    "name": "Can change location",
    "content_type": 11,
    "codename": "change_location"
  }
},
{
  "model": "auth.permission",
  "pk": 47,
  "fields": {
    "name": "Can delete location",
    "content_type": 11,
    "codename": "delete_location"
  }
},
{
  "model": "auth.permission",
  "pk": 48,
  "fields": {
    "name": "Can view location",
    "content_type": 11,
    "codename": "view_location"
  }
},
{
  "model": "auth.permission",
  "pk": 49,
  "fields": {
    "name": "Can add specialization",
    "content_type": 16,
    "codename": "add_specialization"
  }
},
{
  "model": "auth.permission",
  "pk": 50,
  "fields": {
    "name": "Can change specialization",
    "content_type": 16,
    "codename": "change_specialization"
  }
},
{
  "model": "auth.permission",
  "pk": 51,
  "fields": {
    "name": "Can delete specialization",
    "content_type": 16,
    "codename": "delete_specialization"
  }
},
{
  "model": "auth.permission",
  "pk": 52,
  "fields": {
    "name": "Can view specialization",
    "content_type": 16,
    "codename": "view_specialization"
  }
},
{
  "model": "auth.permission",
  "pk": 53,
  "fields": {
    "name": "Can add raw opportunity",
    "content_type": 14,
    "codename": "add_rawopportunity"
  }
},
{
  "model": "auth.permission",
  "pk": 54,
  "fields": {
    "name": "Can change raw opportunity",
    "content_type": 14,
    "codename": "change_rawopportunity"
  }
},
{
  "model": "auth.permission",
  "pk": 55,
  "fields": {
    "name": "Can delete raw opportunity",
    "content_type": 14,
    "codename": "delete_rawopportunity"
  }
},
{
  "model": "auth.permission",
  "pk": 56,
  "fields": {
    "name": "Can view raw opportunity",
    "content_type": 14,
    "codename": "view_rawopportunity"
  }
},
{
  "model": "auth.permission",
  "pk": 57,
  "fields": {
    "name": "Can add source",
    "content_type": 15,
    "codename": "add_source"
  }
},
{
  "model": "auth.permission",
  "pk": 58,
  "fields": {
    "name": "Can change source",
    "content_type": 15,
    "codename": "change_source"
  }
},
{
  "model": "auth.permission",
  "pk": 59,
  "fields": {
    "name": "Can delete source",
    "content_type": 15,
    "codename": "delete_source"
  }
},
{
  "model": "auth.permission",
  "pk": 60,
  "fields": {
    "name": "Can view source",
    "content_type": 15,
    "codename": "view_source"
  }
},
{
  "model": "auth.permission",
  "pk": 61,
  "fields": {
    "name": "Can add opportunity",
    "content_type": 12,
    "codename": "add_opportunity"
  }
},
{
  "model": "auth.permission",
  "pk": 62,
  "fields": {
    "name": "Can change opportunity",
    "content_type": 12,
    "codename": "change_opportunity"
  }
},
{
  "model": "auth.permission",
  "pk": 63,
  "fields": {
    "name": "Can delete opportunity",
    "content_type": 12,
    "codename": "delete_opportunity"
  }
},
{
  "model": "auth.permission",
  "pk": 64,
  "fields": {
    "name": "Can view opportunity",
    "content_type": 12,
    "codename": "view_opportunity"
  }
},
{
  "model": "auth.permission",
  "pk": 65,
  "fields": {
    "name": "Can add match config",
    "content_type": 17,
    "codename": "add_matchconfig"
  }
},
{
  "model": "auth.permission",
  "pk": 66,
  "fields": {
    "name": "Can change match config",
    "content_type": 17,
    "codename": "change_matchconfig"
  }
},
{
  "model": "auth.permission",
  "pk": 67,
  "fields": {
    "name": "Can delete match config",
    "content_type": 17,
    "codename": "delete_matchconfig"
  }
},
{
  "model": "auth.permission",
  "pk": 68,
  "fields": {
    "name": "Can view match config",
    "content_type": 17,
    "codename": "view_matchconfig"
  }
},
{
  "model": "auth.permission",
  "pk": 69,
  "fields": {
    "name": "Can add match",
    "content_type": 18,
    "codename": "add_match"
  }
},
{
  "model": "auth.permission",
  "pk": 70,
  "fields": {
    "name": "Can change match",
    "content_type": 18,
    "codename": "change_match"
  }
},
{
  "model": "auth.permission",
  "pk": 71,
  "fields": {
    "name": "Can delete match",
    "content_type": 18,
    "codename": "delete_match"
  }
},
{
  "model": "auth.permission",
  "pk": 72,
  "fields": {
    "name": "Can view match",
    "content_type": 18,
    "codename": "view_match"
  }
},
{
  "model": "auth.permission",
  "pk": 73,
  "fields": {
    "name": "Can add notification template",
    "content_type": 20,
    "codename": "add_notificationtemplate"
  }
},
{
  "model": "auth.permission",
  "pk": 74,
  "fields": {
    "name": "Can change notification template",
    "content_type": 20,
    "codename": "change_notificationtemplate"
  }
},
{
  "model": "auth.permission",
  "pk": 75,
  "fields": {
    "name": "Can delete notification template",
    "content_type": 20,
    "codename": "delete_notificationtemplate"
  }
},
{
  "model": "auth.permission",
  "pk": 76,
  "fields": {
    "name": "Can view notification template",
    "content_type": 20,
    "codename": "view_notificationtemplate"
  }
},
{
  "model": "auth.permission",
  "pk": 77,
  "fields": {
    "name": "Can add notification",
    "content_type": 19,
    "codename": "add_notification"
  }
},
{
  "model": "auth.permission",
  "pk": 78,
  "fields": {
    "name": "Can change notification",
    "content_type": 19,
    "codename": "change_notification"
  }
},
{
  "model": "auth.permission",
  "pk": 79,
  "fields": {
    "name": "Can delete notification",
    "content_type": 19,
    "codename": "delete_notification"
  }
},
{
  "model": "auth.permission",
  "pk": 80,
  "fields": {
    "name": "Can view notification",
    "content_type": 19,
    "codename": "view_notification"
  }
},
{
  "model": "auth.permission",
  "pk": 81,
  "fields": {
    "name": "Can add cv extraction session",
    "content_type": 21,
    "codename": "add_cvextractionsession"
  }
},
{
  "model": "auth.permission",
  "pk": 82,
  "fields": {
    "name": "Can change cv extraction session",
    "content_type": 21,
    "codename": "change_cvextractionsession"
  }
},
{
  "model": "auth.permission",
  "pk": 83,
  "fields": {
    "name": "Can delete cv extraction session",
    "content_type": 21,
    "codename": "delete_cvextractionsession"
  }
},
{
  "model": "auth.permission",
  "pk": 84,
  "fields": {
    "name": "Can view cv extraction session",
    "content_type": 21,
    "codename": "view_cvextractionsession"
  }
},
{
  "model": "auth.permission",
  "pk": 85,
  "fields": {
    "name": "Can add cover letter",
    "content_type": 22,
    "codename": "add_coverletter"
  }
},
{
  "model": "auth.permission",
  "pk": 86,
  "fields": {
    "name": "Can change cover letter",
    "content_type": 22,
    "codename": "change_coverletter"
  }
},
{
  "model": "auth.permission",
  "pk": 87,
  "fields": {
    "name": "Can delete cover letter",
    "content_type": 22,
    "codename": "delete_coverletter"
  }
},
{
  "model": "auth.permission",
  "pk": 88,
  "fields": {
    "name": "Can view cover letter",
    "content_type": 22,
    "codename": "view_coverletter"
  }
},
{
  "model": "auth.permission",
  "pk": 89,
  "fields": {
    "name": "Can add aiapi call",
    "content_type": 23,
    "codename": "add_aiapicall"
  }
},
{
  "model": "auth.permission",
  "pk": 90,
  "fields": {
    "name": "Can change aiapi call",
    "content_type": 23,
    "codename": "change_aiapicall"
  }
},
{
  "model": "auth.permission",
  "pk": 91,
  "fields": {
    "name": "Can delete aiapi call",
    "content_type": 23,
    "codename": "delete_aiapicall"
  }
},
{
  "model": "auth.permission",
  "pk": 92,
  "fields": {
    "name": "Can view aiapi call",
    "content_type": 23,
    "codename": "view_aiapicall"
  }
},
{
  "model": "auth.permission",
  "pk": 93,
  "fields": {
    "name": "Can add skill gap analysis",
    "content_type": 24,
    "codename": "add_skillgapanalysis"
  }
},
{
  "model": "auth.permission",
  "pk": 94,
  "fields": {
    "name": "Can change skill gap analysis",
    "content_type": 24,
    "codename": "change_skillgapanalysis"
  }
},
{
  "model": "auth.permission",
  "pk": 95,
  "fields": {
    "name": "Can delete skill gap analysis",
    "content_type": 24,
    "codename": "delete_skillgapanalysis"
  }
},
{
  "model": "auth.permission",
  "pk": 96,
  "fields": {
    "name": "Can view skill gap analysis",
    "content_type": 24,
    "codename": "view_skillgapanalysis"
  }
},
{
  "model": "contenttypes.contenttype",
  "pk": 1,
  "fields": {
    "app_label": "admin",
    "model": "logentry"
  }
},
{
  "model": "contenttypes.contenttype",
  "pk": 2,
  "fields": {
    "app_label": "auth",
    "model": "group"
  }
},
{
  "model": "contenttypes.contenttype",
  "pk": 3,
  "fields": {
    "app_label": "auth",
    "model": "permission"
  }
},
{
  "model": "contenttypes.contenttype",
  "pk": 4,
  "fields": {
    "app_label": "contenttypes",
    "model": "contenttype"
  }
},
{
  "model": "contenttypes.contenttype",
  "pk": 5,
  "fields": {
    "app_label": "sessions",
    "model": "session"
  }
},
{
  "model": "contenttypes.contenttype",
  "pk": 6,
  "fields": {
    "app_label": "token_blacklist",
    "model": "blacklistedtoken"
  }
},
{
  "model": "contenttypes.contenttype",
  "pk": 7,
  "fields": {
    "app_label": "token_blacklist",
    "model": "outstandingtoken"
  }
},
{
  "model": "contenttypes.contenttype",
  "pk": 8,
  "fields": {
    "app_label": "accounts",
    "model": "user"
  }
},
{
  "model": "contenttypes.contenttype",
  "pk": 9,
  "fields": {
    "app_label": "profiles",
    "model": "userprofile"
  }
},
{
  "model": "contenttypes.contenttype",
  "pk": 10,
  "fields": {
    "app_label": "opportunities",
    "model": "domain"
  }
},
{
  "model": "contenttypes.contenttype",
  "pk": 11,
  "fields": {
    "app_label": "opportunities",
    "model": "location"
  }
},
{
  "model": "contenttypes.contenttype",
  "pk": 12,
  "fields": {
    "app_label": "opportunities",
    "model": "opportunity"
  }
},
{
  "model": "contenttypes.contenttype",
  "pk": 13,
  "fields": {
    "app_label": "opportunities",
    "model": "opportunitytype"
  }
},
{
  "model": "contenttypes.contenttype",
  "pk": 14,
  "fields": {
    "app_label": "opportunities",
    "model": "rawopportunity"
  }
},
{
  "model": "contenttypes.contenttype",
  "pk": 15,
  "fields": {
    "app_label": "opportunities",
    "model": "source"
  }
},
{
  "model": "contenttypes.contenttype",
  "pk": 16,
  "fields": {
    "app_label": "opportunities",
    "model": "specialization"
  }
},
{
  "model": "contenttypes.contenttype",
  "pk": 17,
  "fields": {
    "app_label": "configs",
    "model": "matchconfig"
  }
},
{
  "model": "contenttypes.contenttype",
  "pk": 18,
  "fields": {
    "app_label": "matching",
    "model": "match"
  }
},
{
  "model": "contenttypes.contenttype",
  "pk": 19,
  "fields": {
    "app_label": "notifications",
    "model": "notification"
  }
},
{
  "model": "contenttypes.contenttype",
  "pk": 20,
  "fields": {
    "app_label": "notifications",
    "model": "notificationtemplate"
  }
},
{
  "model": "contenttypes.contenttype",
  "pk": 21,
  "fields": {
    "app_label": "resume_extractions",
    "model": "cvextractionsession"
  }
},
{
  "model": "contenttypes.contenttype",
  "pk": 22,
  "fields": {
    "app_label": "cover_letters",
    "model": "coverletter"
  }
},
{
  "model": "contenttypes.contenttype",
  "pk": 23,
  "fields": {
    "app_label": "ai_usage",
    "model": "aiapicall"
  }
},
{
  "model": "contenttypes.contenttype",
  "pk": 24,
  "fields": {
    "app_label": "skill_gap_analysis",
    "model": "skillgapanalysis"
  }
},
{
  "model": "sessions.session",
  "pk": "ekpccwgu3ilarzbfnmirdztiu90tb563",
  "fields": {
    "session_data": ".eJxVjEEOwiAQRe_C2hCKw4Au3fcMZJihUjU0Ke3KeHfbpAvd_vfef6tI61Li2vIcR1FX1anT75aIn7nuQB5U75PmqS7zmPSu6IM23U-SX7fD_Tso1MpWsyO2iTx4diBG4HxBMhgEyPlgMXhJG_KOoSP2JlBAMQMGtATIg_p8Ad-3N6w:1vjBWG:P7XRbwLb3zQqZV4LR34fYqcnX6oQakxhW8bTqbxXBtk",
    "expire_date": "2026-02-06T07:23:48.914Z"
  }
},
{
  "model": "token_blacklist.outstandingtoken",
  "pk": 1,
  "fields": {
    "user": 2,
    "jti": "95538dfbe8f34b79a318dc127c7467a2",
    "token": "eyJhbGciOiJIUzI1NiIsInR5cCI6IkpXVCJ9.eyJ0b2tlbl90eXBlIjoicmVmcmVzaCIsImV4cCI6MTc2OTI0MDkyNiwiaWF0IjoxNzY5MTU0NTI2LCJqdGkiOiI5NTUzOGRmYmU4ZjM0Yjc5YTMxOGRjMTI3Yzc0NjdhMiIsInVzZXJfaWQiOiIyIn0.ctlf9STQhKEa61oF3tdZJW5z1ctljwxAPzbJ9c3ZWAM",
    "created_at": "2026-01-23T07:48:46.719Z",
    "expires_at": "2026-01-24T07:48:46Z"
  }
},
{
  "model": "accounts.user",
  "pk": 1,
  "fields": {
    "password": "pbkdf2_sha256$1200000$0Ofk3qvdGnktGtaIebFA9Y$4DUCKgqDQX4V6wZIW7ERZbWPfIwF8kRTBMLQE08VY0M=",
    "last_login": "2026-01-23T07:23:48Z",
    "is_superuser": true,
    "is_staff": true,
    "is_active": true,
    "date_joined": "2026-01-23T07:23:10Z",
    "email": "yonatanassefa60@gmail.com",
    "role": "ADMIN",
    "groups": [],
    "user_permissions": []
  }
},
{
  "model": "accounts.user",
  "pk": 2,
  "fields": {
    "password": "pbkdf2_sha256$1200000$2wOmYYg4EvJwZl5VTauyVP$VC3YI0gF27/T0mwQtErnFjWOTqvJ6z20KxBEGQIgI8k=",
    "last_login": null,
    "is_superuser": false,
    "is_staff": false,
    "is_active": true,
    "date_joined": "2026-01-23T07:48:46.296Z",
    "email": "yonatanassefa70@gmail.com",
    "role": "USER",
    "groups": [],
    "user_permissions": []
  }
},
{
  "model": "opportunities.source",
  "pk": 1,
  "fields": {
    "name": "Afri Work Telegram Channe;",
    "source_type": "TELEGRAM",
    "identifier": "@freelance_ethio",
    "enabled": true,
    "poll_interval_minutes": 10,
    "last_run_at": null,
    "last_success_at": "2026-01-23T07:52:25.055Z",
    "last_error_at": null,
    "consecutive_failures": 0,
    "total_runs": 1,
    "successful_runs": 1,
    "items_created_total": 20,
    "items_updated_total": 0,
    "last_error_message": "",
    "created_at": "2026-01-23T07:24:56.252Z",
    "updated_at": "2026-01-23T07:24:56.252Z"
  }
},
{
  "model": "opportunities.source",
  "pk": 2,
  "fields": {
    "name": "Ethio Jobs telegram channel",
    "source_type": "TELEGRAM",
    "identifier": "@ethiojobsofficial",
    "enabled": true,
    "poll_interval_minutes": 10,
    "last_run_at": null,
    "last_success_at": "2026-01-23T07:52:26.433Z",
    "last_error_at": null,
    "consecutive_failures": 0,
    "total_runs": 1,
    "successful_runs": 1,
    "items_created_total": 20,
    "items_updated_total": 0,
    "last_error_message": "",
    "created_at": "2026-01-23T07:25:22.953Z",
    "updated_at": "2026-01-23T07:25:22.953Z"
  }
},
{
  "model": "opportunities.source",
  "pk": 3,
  "fields": {
    "name": "Dereja Telegram Channel",
    "source_type": "TELEGRAM",
    "identifier": "@Derejaofficial",
    "enabled": true,
    "poll_interval_minutes": 10,
    "last_run_at": null,
    "last_success_at": "2026-01-23T07:52:27.845Z",
    "last_error_at": null,
    "consecutive_failures": 0,
    "total_runs": 1,
    "successful_runs": 1,
    "items_created_total": 20,
    "items_updated_total": 0,
    "last_error_message": "",
    "created_at": "2026-01-23T07:26:04.536Z",
    "updated_at": "2026-01-23T07:26:04.536Z"
  }
},
{
  "model": "opportunities.source",
  "pk": 4,
  "fields": {
    "name": "Ethiopian Vacancy Telegram Channel",
    "source_type": "TELEGRAM",
    "identifier": "@sera7",
    "enabled": true,
    "poll_interval_minutes": 10,
    "last_run_at": null,
    "last_success_at": "2026-01-23T07:52:29.477Z",
    "last_error_at": null,
    "consecutive_failures": 0,
    "total_runs": 1,
    "successful_runs": 1,
    "items_created_total": 3,
    "items_updated_total": 0,
    "last_error_message": "",
    "created_at": "2026-01-23T07:26:57.599Z",
    "updated_at": "2026-01-23T07:26:57.599Z"
  }
},
{
  "model": "opportunities.source",
  "pk": 5,
  "fields": {
    "name": "Bright Scholarship Telegram Channel",
    "source_type": "TELEGRAM",
    "identifier": "@BrightScholarship",
    "enabled": true,
    "poll_interval_minutes": 10,
    "last_run_at": null,
    "last_success_at": "2026-01-23T07:52:38.380Z",
    "last_error_at": null,
    "consecutive_failures": 0,
    "total_runs": 1,
    "successful_runs": 1,
    "items_created_total": 20,
    "items_updated_total": 0,
    "last_error_message": "",
    "created_at": "2026-01-23T07:27:37.115Z",
    "updated_at": "2026-01-23T07:27:37.115Z"
  }
},
{
  "model": "opportunities.source",
  "pk": 6,
  "fields": {
    "name": "Opportunity 4 All Telegram Channel",
    "source_type": "TELEGRAM",
    "identifier": "@Opportunity_4_all",
    "enabled": true,
    "poll_interval_minutes": 10,
    "last_run_at": null,
    "last_success_at": "2026-01-23T07:52:40.160Z",
    "last_error_at": null,
    "consecutive_failures": 0,
    "total_runs": 1,
    "successful_runs": 1,
    "items_created_total": 18,
    "items_updated_total": 0,
    "last_error_message": "",
    "created_at": "2026-01-23T07:28:13.018Z",
    "updated_at": "2026-01-23T07:28:13.018Z"
  }
},
{
  "model": "opportunities.source",
  "pk": 7,
  "fields": {
    "name": "weworkremotely-programming RSS Feed",
    "source_type": "RSS",
    "identifier": "https://weworkremotely.com/categories/remote-programming-jobs.rss",
    "enabled": true,
    "poll_interval_minutes": 10,
    "last_run_at": null,
    "last_success_at": "2026-01-23T07:52:42.796Z",
    "last_error_at": null,
    "consecutive_failures": 0,
    "total_runs": 1,
    "successful_runs": 1,
    "items_created_total": 19,
    "items_updated_total": 1,
    "last_error_message": "",
    "created_at": "2026-01-23T07:29:22.366Z",
    "updated_at": "2026-01-23T07:29:22.366Z"
  }
},
{
  "model": "opportunities.source",
  "pk": 8,
  "fields": {
    "name": "opportunitiesforyouth  RSS Feed",
    "source_type": "RSS",
    "identifier": "https://opportunitiesforyouth.org/feed/",
    "enabled": true,
    "poll_interval_minutes": 10,
    "last_run_at": null,
    "last_success_at": "2026-01-23T07:52:48.827Z",
    "last_error_at": null,
    "consecutive_failures": 0,
    "total_runs": 1,
    "successful_runs": 1,
    "items_created_total": 10,
    "items_updated_total": 0,
    "last_error_message": "",
    "created_at": "2026-01-23T07:30:02.871Z",
    "updated_at": "2026-01-23T07:30:02.871Z"
  }
},
{
  "model": "opportunities.opportunitytype",
  "pk": 1,
  "fields": {
    "name": "JOB"
  }
},
{
  "model": "opportunities.opportunitytype",
  "pk": 2,
  "fields": {
    "name": "SCHOLARSHIP"
  }
},
{
  "model": "opportunities.opportunitytype",
  "pk": 3,
  "fields": {
    "name": "INTERNSHIP"
  }
},
{
  "model": "opportunities.opportunitytype",
  "pk": 4,
  "fields": {
    "name": "TRAINING"
  }
},
{
  "model": "opportunities.domain",
  "pk": 1,
  "fields": {
    "opportunity_type": 1,
    "name": "NGO"
  }
},
{
  "model": "opportunities.domain",
  "pk": 2,
  "fields": {
    "opportunity_type": 1,
    "name": "Finance"
  }
},
{
  "model": "opportunities.domain",
  "pk": 3,
  "fields": {
    "opportunity_type": 1,
    "name": "Design"
  }
},
{
  "model": "opportunities.domain",
  "pk": 4,
  "fields": {
    "opportunity_type": 1,
    "name": "Marketing"
  }
},
{
  "model": "opportunities.domain",
  "pk": 5,
  "fields": {
    "opportunity_type": 1,
    "name": "Education"
  }
},
{
  "model": "opportunities.domain",
  "pk": 6,
  "fields": {
    "opportunity_type": 1,
    "name": "Healthcare"
  }
},
{
  "model": "opportunities.domain",
  "pk": 7,
  "fields": {
    "opportunity_type": 1,
    "name": "Engineering"
  }
},
{
  "model": "opportunities.domain",
  "pk": 8,
  "fields": {
    "opportunity_type": 1,
    "name": "Data Science"
  }
},
{
  "model": "opportunities.domain",
  "pk": 9,
  "fields": {
    "opportunity_type": 1,
    "name": "Software"
  }
},
{
  "model": "opportunities.domain",
  "pk": 10,
  "fields": {
    "opportunity_type": 2,
    "name": "PhD"
  }
},
{
  "model": "opportunities.domain",
  "pk": 11,
  "fields": {
    "opportunity_type": 2,
    "name": "Masters"
  }
},
{
  "model": "opportunities.domain",
  "pk": 12,
  "fields": {
    "opportunity_type": 2,
    "name": "Undergraduate"
  }
},
{
  "model": "opportunities.domain",
  "pk": 13,
  "fields": {
    "opportunity_type": 3,
    "name": "NGO"
  }
},
{
  "model": "opportunities.domain",
  "pk": 14,
  "fields": {
    "opportunity_type": 3,
    "name": "Data Science"
  }
},
{
  "model": "opportunities.domain",
  "pk": 15,
  "fields": {
    "opportunity_type": 3,
    "name": "Software"
  }
},
{
  "model": "opportunities.domain",
  "pk": 16,
  "fields": {
    "opportunity_type": 4,
    "name": "English"
  }
},
{
  "model": "opportunities.domain",
  "pk": 17,
  "fields": {
    "opportunity_type": 4,
    "name": "Business"
  }
},
{
  "model": "opportunities.domain",
  "pk": 18,
  "fields": {
    "opportunity_type": 4,
    "name": "Data Science"
  }
},
{
  "model": "opportunities.domain",
  "pk": 19,
  "fields": {
    "opportunity_type": 4,
    "name": "Software"
  }
},
{
  "model": "opportunities.specialization",
  "pk": 1,
  "fields": {
    "domain": 1,
    "name": "Program Manager"
  }
},
{
  "model": "opportunities.specialization",
  "pk": 2,
  "fields": {
    "domain": 1,
    "name": "Finance Manager"
  }
},
{
  "model": "opportunities.specialization",
  "pk": 3,
  "fields": {
    "domain": 1,
    "name": "Logistics Coordinator"
  }
},
{
  "model": "opportunities.specialization",
  "pk": 4,
  "fields": {
    "domain": 1,
    "name": "Team Leader"
  }
},
{
  "model": "opportunities.specialization",
  "pk": 5,
  "fields": {
    "domain": 2,
    "name": "Accounting"
  }
},
{
  "model": "opportunities.specialization",
  "pk": 6,
  "fields": {
    "domain": 2,
    "name": "Financial Analysis"
  }
},
{
  "model": "opportunities.specialization",
  "pk": 7,
  "fields": {
    "domain": 2,
    "name": "Investment Banking"
  }
},
{
  "model": "opportunities.specialization",
  "pk": 8,
  "fields": {
    "domain": 3,
    "name": "UI/UX Design"
  }
},
{
  "model": "opportunities.specialization",
  "pk": 9,
  "fields": {
    "domain": 3,
    "name": "Graphic Design"
  }
},
{
  "model": "opportunities.specialization",
  "pk": 10,
  "fields": {
    "domain": 3,
    "name": "Product Design"
  }
},
{
  "model": "opportunities.specialization",
  "pk": 11,
  "fields": {
    "domain": 4,
    "name": "Digital Marketing"
  }
},
{
  "model": "opportunities.specialization",
  "pk": 12,
  "fields": {
    "domain": 4,
    "name": "Content Marketing"
  }
},
{
  "model": "opportunities.specialization",
  "pk": 13,
  "fields": {
    "domain": 4,
    "name": "Brand Management"
  }
},
{
  "model": "opportunities.specialization",
  "pk": 14,
  "fields": {
    "domain": 5,
    "name": "Teaching"
  }
},
{
  "model": "opportunities.specialization",
  "pk": 15,
  "fields": {
    "domain": 5,
    "name": "Educational Technology"
  }
},
{
  "model": "opportunities.specialization",
  "pk": 16,
  "fields": {
    "domain": 5,
    "name": "Curriculum Development"
  }
},
{
  "model": "opportunities.specialization",
  "pk": 17,
  "fields": {
    "domain": 6,
    "name": "Nursing"
  }
},
{
  "model": "opportunities.specialization",
  "pk": 18,
  "fields": {
    "domain": 6,
    "name": "Medical Research"
  }
},
{
  "model": "opportunities.specialization",
  "pk": 19,
  "fields": {
    "domain": 6,
    "name": "Healthcare Administration"
  }
},
{
  "model": "opportunities.specialization",
  "pk": 20,
  "fields": {
    "domain": 7,
    "name": "Mechanical"
  }
},
{
  "model": "opportunities.specialization",
  "pk": 21,
  "fields": {
    "domain": 7,
    "name": "Electrical"
  }
},
{
  "model": "opportunities.specialization",
  "pk": 22,
  "fields": {
    "domain": 7,
    "name": "Civil"
  }
},
{
  "model": "opportunities.specialization",
  "pk": 23,
  "fields": {
    "domain": 7,
    "name": "Chemical"
  }
},
{
  "model": "opportunities.specialization",
  "pk": 24,
  "fields": {
    "domain": 8,
    "name": "Data Analysis"
  }
},
{
  "model": "opportunities.specialization",
  "pk": 25,
  "fields": {
    "domain": 8,
    "name": "Data Engineering"
  }
},
{
  "model": "opportunities.specialization",
  "pk": 26,
  "fields": {
    "domain": 8,
    "name": "Business Intelligence"
  }
},
{
  "model": "opportunities.specialization",
  "pk": 27,
  "fields": {
    "domain": 8,
    "name": "AI/ML Research"
  }
},
{
  "model": "opportunities.specialization",
  "pk": 28,
  "fields": {
    "domain": 9,
    "name": "Backend"
  }
},
{
  "model": "opportunities.specialization",
  "pk": 29,
  "fields": {
    "domain": 9,
    "name": "Frontend"
  }
},
{
  "model": "opportunities.specialization",
  "pk": 30,
  "fields": {
    "domain": 9,
    "name": "Full Stack"
  }
},
{
  "model": "opportunities.specialization",
  "pk": 31,
  "fields": {
    "domain": 9,
    "name": "DevOps"
  }
},
{
  "model": "opportunities.specialization",
  "pk": 32,
  "fields": {
    "domain": 9,
    "name": "Mobile App"
  }
},
{
  "model": "opportunities.specialization",
  "pk": 33,
  "fields": {
    "domain": 9,
    "name": "Machine Learning"
  }
},
{
  "model": "opportunities.specialization",
  "pk": 34,
  "fields": {
    "domain": 10,
    "name": "Computer Science"
  }
},
{
  "model": "opportunities.specialization",
  "pk": 35,
  "fields": {
    "domain": 10,
    "name": "Engineering"
  }
},
{
  "model": "opportunities.specialization",
  "pk": 36,
  "fields": {
    "domain": 10,
    "name": "Business"
  }
},
{
  "model": "opportunities.specialization",
  "pk": 37,
  "fields": {
    "domain": 10,
    "name": "Public Health"
  }
},
{
  "model": "opportunities.specialization",
  "pk": 38,
  "fields": {
    "domain": 10,
    "name": "Data Science"
  }
},
{
  "model": "opportunities.specialization",
  "pk": 39,
  "fields": {
    "domain": 10,
    "name": "Social Work"
  }
},
{
  "model": "opportunities.specialization",
  "pk": 40,
  "fields": {
    "domain": 10,
    "name": "Sociology"
  }
},
{
  "model": "opportunities.specialization",
  "pk": 41,
  "fields": {
    "domain": 10,
    "name": "Social Sciences"
  }
},
{
  "model": "opportunities.specialization",
  "pk": 42,
  "fields": {
    "domain": 11,
    "name": "Computer Science"
  }
},
{
  "model": "opportunities.specialization",
  "pk": 43,
  "fields": {
    "domain": 11,
    "name": "Engineering"
  }
},
{
  "model": "opportunities.specialization",
  "pk": 44,
  "fields": {
    "domain": 11,
    "name": "Business"
  }
},
{
  "model": "opportunities.specialization",
  "pk": 45,
  "fields": {
    "domain": 11,
    "name": "Public Health"
  }
},
{
  "model": "opportunities.specialization",
  "pk": 46,
  "fields": {
    "domain": 11,
    "name": "Data Science"
  }
},
{
  "model": "opportunities.specialization",
  "pk": 47,
  "fields": {
    "domain": 11,
    "name": "Social Work"
  }
},
{
  "model": "opportunities.specialization",
  "pk": 48,
  "fields": {
    "domain": 11,
    "name": "Sociology"
  }
},
{
  "model": "opportunities.specialization",
  "pk": 49,
  "fields": {
    "domain": 11,
    "name": "Social Sciences"
  }
},
{
  "model": "opportunities.specialization",
  "pk": 50,
  "fields": {
    "domain": 12,
    "name": "Computer Science"
  }
},
{
  "model": "opportunities.specialization",
  "pk": 51,
  "fields": {
    "domain": 12,
    "name": "Engineering"
  }
},
{
  "model": "opportunities.specialization",
  "pk": 52,
  "fields": {
    "domain": 12,
    "name": "Business"
  }
},
{
  "model": "opportunities.specialization",
  "pk": 53,
  "fields": {
    "domain": 12,
    "name": "Public Health"
  }
},
{
  "model": "opportunities.specialization",
  "pk": 54,
  "fields": {
    "domain": 12,
    "name": "Data Science"
  }
},
{
  "model": "opportunities.specialization",
  "pk": 55,
  "fields": {
    "domain": 12,
    "name": "Social Work"
  }
},
{
  "model": "opportunities.specialization",
  "pk": 56,
  "fields": {
    "domain": 12,
    "name": "Sociology"
  }
},
{
  "model": "opportunities.specialization",
  "pk": 57,
  "fields": {
    "domain": 12,
    "name": "Social Sciences"
  }
},
{
  "model": "opportunities.specialization",
  "pk": 58,
  "fields": {
    "domain": 13,
    "name": "Program Assistant"
  }
},
{
  "model": "opportunities.specialization",
  "pk": 59,
  "fields": {
    "domain": 14,
    "name": "Data Analysis"
  }
},
{
  "model": "opportunities.specialization",
  "pk": 60,
  "fields": {
    "domain": 15,
    "name": "Backend"
  }
},
{
  "model": "opportunities.specialization",
  "pk": 61,
  "fields": {
    "domain": 15,
    "name": "Frontend"
  }
},
{
  "model": "opportunities.specialization",
  "pk": 62,
  "fields": {
    "domain": 15,
    "name": "Full Stack"
  }
},
{
  "model": "opportunities.specialization",
  "pk": 63,
  "fields": {
    "domain": 16,
    "name": "Professional English"
  }
},
{
  "model": "opportunities.specialization",
  "pk": 64,
  "fields": {
    "domain": 17,
    "name": "Project Management"
  }
},
{
  "model": "opportunities.specialization",
  "pk": 65,
  "fields": {
    "domain": 18,
    "name": "Data Analytics"
  }
},
{
  "model": "opportunities.specialization",
  "pk": 66,
  "fields": {
    "domain": 19,
    "name": "Web Development"
  }
},
{
  "model": "opportunities.location",
  "pk": 1,
  "fields": {
    "name": "Ethiopia",
    "parent": null
  }
},
{
  "model": "opportunities.location",
  "pk": 2,
  "fields": {
    "name": "Addis Ababa",
    "parent": 1
  }
},
{
  "model": "opportunities.location",
  "pk": 3,
  "fields": {
    "name": "Dire Dawa",
    "parent": 1
  }
},
{
  "model": "opportunities.location",
  "pk": 4,
  "fields": {
    "name": "Gondar",
    "parent": 1
  }
},
{
  "model": "opportunities.location",
  "pk": 5,
  "fields": {
    "name": "Mek'ele",
    "parent": 1
  }
},
{
  "model": "opportunities.location",
  "pk": 6,
  "fields": {
    "name": "Adama",
    "parent": 1
  }
},
{
  "model": "opportunities.location",
  "pk": 7,
  "fields": {
    "name": "Bahir Dar",
    "parent": 1
  }
},
{
  "model": "opportunities.location",
  "pk": 8,
  "fields": {
    "name": "Dese",
    "parent": 1
  }
},
{
  "model": "opportunities.location",
  "pk": 9,
  "fields": {
    "name": "Hawassa",
    "parent": 1
  }
},
{
  "model": "opportunities.location",
  "pk": 10,
  "fields": {
    "name": "Jimma",
    "parent": 1
  }
},
{
  "model": "opportunities.location",
  "pk": 11,
  "fields": {
    "name": "Bishoftu",
    "parent": 1
  }
},
{
  "model": "opportunities.location",
  "pk": 12,
  "fields": {
    "name": "Kombolcha",
    "parent": 1
  }
},
{
  "model": "opportunities.location",
  "pk": 13,
  "fields": {
    "name": "Harar",
    "parent": 1
  }
},
{
  "model": "opportunities.location",
  "pk": 14,
  "fields": {
    "name": "Addis Ketema",
    "parent": 2
  }
},
{
  "model": "opportunities.location",
  "pk": 15,
  "fields": {
    "name": "Akaky Kaliti",
    "parent": 2
  }
},
{
  "model": "opportunities.location",
  "pk": 16,
  "fields": {
    "name": "Arada",
    "parent": 2
  }
},
{
  "model": "opportunities.location",
  "pk": 17,
  "fields": {
    "name": "Bole",
    "parent": 2
  }
},
{
  "model": "opportunities.location",
  "pk": 18,
  "fields": {
    "name": "Gullele",
    "parent": 2
  }
},
{
  "model": "opportunities.location",
  "pk": 19,
  "fields": {
    "name": "Kirkos",
    "parent": 2
  }
},
{
  "model": "opportunities.location",
  "pk": 20,
  "fields": {
    "name": "Kolfe Keranio",
    "parent": 2
  }
},
{
  "model": "opportunities.location",
  "pk": 21,
  "fields": {
    "name": "Lideta",
    "parent": 2
  }
},
{
  "model": "opportunities.location",
  "pk": 22,
  "fields": {
    "name": "Nifas Silk-Lafto",
    "parent": 2
  }
},
{
  "model": "opportunities.location",
  "pk": 23,
  "fields": {
    "name": "Yeka",
    "parent": 2
  }
},
{
  "model": "configs.matchconfig",
  "pk": 1,
  "fields": {
    "user": 2,
    "threshold_score": 7.0,
    "notification_frequency": "INSTANT",
    "notify_via_telegram": true,
    "notify_via_email": false,
    "notify_via_web_push": false,
    "telegram_frequency": null,
    "email_frequency": null,
    "web_push_frequency": null,
    "max_alerts_per_day": null,
    "quiet_hours_start": null,
    "quiet_hours_end": null,
    "work_mode": "ANY",
    "employment_type": "ANY",
    "experience_level": "ANY",
    "min_compensation": null,
    "max_compensation": null,
    "deadline_after": null,
    "deadline_before": null,
    "created_at": "2026-01-23T07:50:03.037Z",
    "updated_at": "2026-01-23T07:50:03.037Z",
    "preferred_opportunity_types": [],
    "muted_opportunity_types": [],
    "preferred_domains": [],
    "preferred_specializations": [],
    "preferred_locations": []
  }
},
{
  "model": "notifications.notificationtemplate",
  "pk": 2,
  "fields": {
    "name": "match_email_default",
    "channel": "EMAIL",
    "subject_template": "New opportunity match: {{opportunity_title}}",
    "message_template": "Hi {{user_name}},\\n\\nWe found a new opportunity that matches your profile:\\n\\n{{opportunity_title}}\\nMatch score: {{match_score}}\\n\\nWhy it fits:\\n{{justification}}\\n\\nYou can view it in your dashboard.",
    "description": "Default email for match notifications",
    "is_active": true,
    "created_at": "2026-01-23T07:21:11.527Z",
    "updated_at": "2026-01-23T07:21:11.527Z"
  }
},
{
  "model": "notifications.notificationtemplate",
  "pk": 3,
  "fields": {
    "name": "match_dashboard_default",
    "channel": "WEB_DASHBOARD",
    "subject_template": "New match: {{opportunity_title}}",
    "message_template": "Match score: {{match_score}} · {{justification}}",
    "description": "Default dashboard notification for matches",
    "is_active": true,
    "created_at": "2026-01-23T07:21:11.527Z",
    "updated_at": "2026-01-23T07:21:11.527Z"
  }
},
{
  "model": "notifications.notificationtemplate",
  "pk": 4,
  "fields": {
    "name": "match_telegram_default",
    "channel": "TELEGRAM",
    "subject_template": "New match: {{opportunity_title}}",
    "message_template": "Match score: {{match_score}}\\n{{justification}}",
    "description": "Default Telegram notification for matches",
    "is_active": true,
    "created_at": "2026-01-23T07:21:11.527Z",
    "updated_at": "2026-01-23T07:21:11.527Z"
  }
}
]
